-- store501.sql
-- Eric J. Schwabe
-- CSC 355 Winter 2020
-- for review purposes only, do not copy, post, or distribute
DROP TABLE PURCHASE CASCADE CONSTRAINTS;
DROP TABLE CUSTOMER CASCADE CONSTRAINTS;
DROP TABLE ITEM CASCADE CONSTRAINTS;
CREATE TABLE CUSTOMER
(
ID CHAR(3) PRIMARY KEY,
Name VARCHAR(12),
City VARCHAR(20),
Zip CHAR(5)
);
CREATE TABLE ITEM
(
ID CHAR(2) PRIMARY KEY,
Title VARCHAR(24),
Type VARCHAR(10),
Price NUMBER(4,2) CHECK (Price >= 0)
);
CREATE TABLE PURCHASE
(
PID CHAR(4) PRIMARY KEY,
CID CHAR(3) REFERENCES CUSTOMER(ID),
IID CHAR(2) REFERENCES ITEM(ID),
PDate DATE,
Quantity NUMBER(2) CHECK (Quantity > 0)
);
INSERT INTO CUSTOMER VALUES ('100', 'Reed', 'New York', '10017');
INSERT INTO CUSTOMER VALUES ('212', 'Franklin', 'Philadelphia', '19109');
INSERT INTO CUSTOMER VALUES ('333', 'Becker', 'Los Angeles', '90033');
INSERT INTO CUSTOMER VALUES ('481', 'Reed', 'Chicago', '60613');
INSERT INTO CUSTOMER VALUES ('590', 'Jordan', 'Chicago', '60606');
INSERT INTO CUSTOMER VALUES ('677', 'Jordan', 'Los Angeles', '92617');
INSERT INTO ITEM VALUES ('00', 'Time Trap', 'Book', 18.99);
INSERT INTO ITEM VALUES ('01', 'Altered Beast', 'CD', 12.99);
INSERT INTO ITEM VALUES ('02', 'Wild Wild West', 'CD', 21.99);
INSERT INTO ITEM VALUES ('03', 'The Dark Knight', 'DVD', 16.99);
INSERT INTO ITEM VALUES ('04', 'One November Night', 'CD', 13.99);
INSERT INTO ITEM VALUES ('05', 'A Brief History of Time', 'Book', 24.99);
INSERT INTO ITEM VALUES ('06', 'West of Hollywood', 'DVD', 11.99);
INSERT INTO ITEM VALUES ('07', 'The Skeleton Twins', 'DVD', 21.99);
INSERT INTO ITEM VALUES ('08', 'How the West Was Won', 'Book', 24.99);
INSERT INTO ITEM VALUES ('09', 'The Golden Gate', 'Book', 12.99);
INSERT INTO PURCHASE VALUES ('0001', '677', '02', DATE '2018-03-20', 2);
INSERT INTO PURCHASE VALUES ('0002', '590', '08', DATE '2018-06-15', 3);
INSERT INTO PURCHASE VALUES ('0003', '100', '02', DATE '2019-07-01', 1);
INSERT INTO PURCHASE VALUES ('0004', '212', '05', DATE '2019-07-01', 1);
INSERT INTO PURCHASE VALUES ('0005', '212', '01', DATE '2019-11-15', 1);
INSERT INTO PURCHASE VALUES ('0006', '481', '03', DATE '2019-11-15', 3);
INSERT INTO PURCHASE VALUES ('0007', '677', '03', DATE '2019-11-15', 1);
INSERT INTO PURCHASE VALUES ('0008', '100', '07', DATE '2020-01-01', 1);
INSERT INTO PURCHASE VALUES ('0009', '100', '00', DATE '2020-01-22', 2);
INSERT INTO PURCHASE VALUES ('0010', '333', '04', DATE '2020-01-22', 1);
SELECT * FROM CUSTOMER;
SELECT * FROM ITEM;
SELECT * FROM PURCHASE;

